timestamp,sweep,model,harness,prompt,max_tokens,kv_mode,sink_tokens,simd_matmul,fused_kv_min,block_len,accept_mode,temp,ddtree,prefill_s,decode_tps,total_tokens,accept_rate,extra
2026-05-24T20:37:16Z,quick,Qwen3.6-27B-4bit,generate,short,64,unset,-,-,-,-,greedy,0.0,off,0.91,18.1,64,kv_backend=standard,
2026-05-24T20:37:26Z,quick,Qwen3.6-27B-4bit,generate,short,64,QUANTIZE_KV,-,-,-,-,greedy,0.0,off,0.90,18.6,64,kv_backend=quantized,
2026-05-24T20:37:38Z,quick,Qwen3.6-27B-4bit,generate,short,64,TURBO_KV,0,unset,8192,-,greedy,0.0,off,0.89,18.9,64,kv_backend=turboquant,
2026-05-24T20:37:48Z,quick,Qwen3.6-27B-4bit,generate,short,64,TURBO_KV,4,unset,8192,-,greedy,0.0,off,0.88,18.9,64,kv_backend=turboquant,
2026-05-24T20:37:59Z,quick,Qwen3.6-27B-MTPLX-Optimized-Speed,bench_mtplx,short,64,session-default,-,-,-,1,greedy,0.0,off,0.837,20.45,64,0.864,
2026-05-24T20:38:08Z,quick,Qwen3.6-27B-MTPLX-Optimized-Speed,bench_mtplx,short,64,session-default,-,-,-,4,greedy,0.0,off,0.834,20.30,64,0.712,
2026-05-24T20:38:18Z,quick,Qwen3.6-35B-A3B-4bit,bench_dflash,short,64,unset,-,-,-,draft,rejection,0.0,off,1.079,70.58,64,0.324,avg_block_len=3.89;adaptive=1/25/1;speedup=0.60x
2026-05-24T20:39:26Z,quick,gemma-4-26B-A4B-it,bench_dflash,short,64,unset,-,-,-,draft,rejection,0.0,off,0.799,3.08,64,0.112,avg_block_len=4.02
2026-05-24T20:40:43Z,quick,gemma-4-26B-A4B-it,bench_dflash,short,64,TURBO_KV,-,-,-,draft,rejection,0.0,off,0.721,2.38,64,0.023,avg_block_len=3.82;adaptive=2/51/3;kv_backend=turboquant
2026-05-24T20:43:56Z,full,Qwen3.6-27B-4bit,generate,short,64,TURBO_KV,0,1,8192,-,greedy,0.0,off,0.87,18.9,64,kv_backend=turboquant,
2026-05-24T20:44:06Z,full,Qwen3.6-27B-4bit,generate,short,64,TURBO_KV,4,1,8192,-,greedy,0.0,off,0.87,18.9,64,kv_backend=turboquant,
2026-05-24T20:44:36Z,full,Qwen3.6-27B-4bit,generate,short,256,unset,-,-,-,-,greedy,0.0,off,0.87,19.1,256,kv_backend=standard,
2026-05-24T20:45:05Z,full,Qwen3.6-27B-4bit,generate,short,256,QUANTIZE_KV,-,-,-,-,greedy,0.0,off,0.89,18.5,256,kv_backend=quantized,
2026-05-24T20:45:41Z,full,Qwen3.6-27B-4bit,generate,short,256,TURBO_KV,0,unset,8192,-,greedy,0.0,off,0.88,16.7,256,kv_backend=turboquant,
2026-05-24T20:46:14Z,full,Qwen3.6-27B-4bit,generate,short,256,TURBO_KV,0,1,8192,-,greedy,0.0,off,0.87,17.0,245,kv_backend=turboquant,
2026-05-24T20:46:48Z,full,Qwen3.6-27B-4bit,generate,short,256,TURBO_KV,4,unset,8192,-,greedy,0.0,off,0.88,16.4,256,kv_backend=turboquant,
2026-05-24T20:47:25Z,full,Qwen3.6-27B-4bit,generate,short,256,TURBO_KV,4,1,8192,-,greedy,0.0,off,0.86,14.3,256,kv_backend=turboquant,
2026-05-24T20:48:32Z,full,Qwen3.6-27B-4bit,generate,long,64,unset,-,-,-,-,greedy,0.0,off,29.24,13.5,64,kv_backend=standard,
2026-05-24T20:49:39Z,full,Qwen3.6-27B-4bit,generate,long,64,QUANTIZE_KV,-,-,-,-,greedy,0.0,off,28.35,14.8,64,kv_backend=quantized,
2026-05-24T20:50:44Z,full,Qwen3.6-27B-4bit,generate,long,64,TURBO_KV,0,unset,8192,-,greedy,0.0,off,26.33,16.2,64,kv_backend=turboquant,
2026-05-24T20:51:44Z,full,Qwen3.6-27B-4bit,generate,long,64,TURBO_KV,0,unset,512,-,greedy,0.0,off,25.42,16.9,64,kv_backend=turboquant,
2026-05-24T20:52:43Z,full,Qwen3.6-27B-4bit,generate,long,64,TURBO_KV,0,1,8192,-,greedy,0.0,off,25.19,17.1,64,kv_backend=turboquant,
2026-05-24T20:53:42Z,full,Qwen3.6-27B-4bit,generate,long,64,TURBO_KV,0,1,512,-,greedy,0.0,off,25.21,16.9,64,kv_backend=turboquant,
2026-05-24T20:54:42Z,full,Qwen3.6-27B-4bit,generate,long,64,TURBO_KV,4,unset,8192,-,greedy,0.0,off,25.37,16.6,64,kv_backend=turboquant,
2026-05-24T20:55:42Z,full,Qwen3.6-27B-4bit,generate,long,64,TURBO_KV,4,unset,512,-,greedy,0.0,off,25.72,16.4,64,kv_backend=turboquant,
2026-05-24T20:56:43Z,full,Qwen3.6-27B-4bit,generate,long,64,TURBO_KV,4,1,8192,-,greedy,0.0,off,25.96,16.1,64,kv_backend=turboquant,
2026-05-24T20:57:45Z,full,Qwen3.6-27B-4bit,generate,long,64,TURBO_KV,4,1,512,-,greedy,0.0,off,26.02,16.2,64,kv_backend=turboquant,
2026-05-24T20:59:12Z,full,Qwen3.6-27B-4bit,generate,long,256,unset,-,-,-,-,greedy,0.0,off,25.60,14.7,256,kv_backend=standard,
2026-05-24T21:00:42Z,full,Qwen3.6-27B-4bit,generate,long,256,QUANTIZE_KV,-,-,-,-,greedy,0.0,off,26.03,13.7,256,kv_backend=quantized,
2026-05-24T21:02:17Z,full,Qwen3.6-27B-4bit,generate,long,256,TURBO_KV,0,unset,8192,-,greedy,0.0,off,26.57,13.3,256,kv_backend=turboquant,
2026-05-24T21:03:51Z,full,Qwen3.6-27B-4bit,generate,long,256,TURBO_KV,0,unset,512,-,greedy,0.0,off,26.85,13.2,256,kv_backend=turboquant,
2026-05-24T21:05:26Z,full,Qwen3.6-27B-4bit,generate,long,256,TURBO_KV,0,1,8192,-,greedy,0.0,off,27.18,12.9,256,kv_backend=turboquant,
2026-05-24T21:07:01Z,full,Qwen3.6-27B-4bit,generate,long,256,TURBO_KV,0,1,512,-,greedy,0.0,off,27.06,12.9,256,kv_backend=turboquant,
2026-05-24T21:08:36Z,full,Qwen3.6-27B-4bit,generate,long,256,TURBO_KV,4,unset,8192,-,greedy,0.0,off,27.17,12.8,256,kv_backend=turboquant,
2026-05-24T21:10:12Z,full,Qwen3.6-27B-4bit,generate,long,256,TURBO_KV,4,unset,512,-,greedy,0.0,off,27.09,12.9,256,kv_backend=turboquant,
2026-05-24T21:11:46Z,full,Qwen3.6-27B-4bit,generate,long,256,TURBO_KV,4,1,8192,-,greedy,0.0,off,26.89,13.0,256,kv_backend=turboquant,
2026-05-24T21:13:19Z,full,Qwen3.6-27B-4bit,generate,long,256,TURBO_KV,4,1,512,-,greedy,0.0,off,26.69,13.8,256,kv_backend=turboquant,
2026-05-24T21:13:26Z,full,Qwen3.6-35B-A3B-4bit,generate,short,64,unset,-,-,-,-,greedy,0.0,off,1.04,70.9,64,kv_backend=standard,
2026-05-24T21:13:31Z,full,Qwen3.6-35B-A3B-4bit,generate,short,64,QUANTIZE_KV,-,-,-,-,greedy,0.0,off,1.04,70.8,64,kv_backend=quantized,
2026-05-24T21:13:37Z,full,Qwen3.6-35B-A3B-4bit,generate,short,64,TURBO_KV,0,unset,8192,-,greedy,0.0,off,1.06,67.9,64,kv_backend=turboquant,
2026-05-24T21:13:43Z,full,Qwen3.6-35B-A3B-4bit,generate,short,64,TURBO_KV,0,1,8192,-,greedy,0.0,off,1.06,66.6,64,kv_backend=turboquant,
2026-05-24T21:13:48Z,full,Qwen3.6-35B-A3B-4bit,generate,short,64,TURBO_KV,4,unset,8192,-,greedy,0.0,off,1.05,67.9,64,kv_backend=turboquant,
2026-05-24T21:13:53Z,full,Qwen3.6-35B-A3B-4bit,generate,short,64,TURBO_KV,4,1,8192,-,greedy,0.0,off,1.04,67.7,64,kv_backend=turboquant,
2026-05-24T21:14:04Z,full,Qwen3.6-35B-A3B-4bit,generate,short,256,unset,-,-,-,-,greedy,0.0,off,1.07,70.9,256,kv_backend=standard,
2026-05-24T21:14:14Z,full,Qwen3.6-35B-A3B-4bit,generate,short,256,QUANTIZE_KV,-,-,-,-,greedy,0.0,off,1.05,71.0,189,kv_backend=quantized,
2026-05-24T21:14:28Z,full,Qwen3.6-35B-A3B-4bit,generate,short,256,TURBO_KV,0,unset,8192,-,greedy,0.0,off,1.07,66.9,256,kv_backend=turboquant,
2026-05-24T21:14:39Z,full,Qwen3.6-35B-A3B-4bit,generate,short,256,TURBO_KV,0,1,8192,-,greedy,0.0,off,1.05,66.8,256,kv_backend=turboquant,
2026-05-24T21:14:50Z,full,Qwen3.6-35B-A3B-4bit,generate,short,256,TURBO_KV,4,unset,8192,-,greedy,0.0,off,1.06,66.6,256,kv_backend=turboquant,
2026-05-24T21:15:01Z,full,Qwen3.6-35B-A3B-4bit,generate,short,256,TURBO_KV,4,1,8192,-,greedy,0.0,off,1.08,66.3,256,kv_backend=turboquant,
2026-05-24T21:15:17Z,full,Qwen3.6-35B-A3B-4bit,generate,long,64,unset,-,-,-,-,greedy,0.0,off,6.56,68.9,64,kv_backend=standard,
2026-05-24T21:15:34Z,full,Qwen3.6-35B-A3B-4bit,generate,long,64,QUANTIZE_KV,-,-,-,-,greedy,0.0,off,6.53,66.6,64,kv_backend=quantized,
2026-05-24T21:15:53Z,full,Qwen3.6-35B-A3B-4bit,generate,long,64,TURBO_KV,0,unset,8192,-,greedy,0.0,off,6.55,65.0,64,kv_backend=turboquant,
2026-05-24T21:16:09Z,full,Qwen3.6-35B-A3B-4bit,generate,long,64,TURBO_KV,0,unset,512,-,greedy,0.0,off,6.62,64.9,64,kv_backend=turboquant,
2026-05-24T21:16:26Z,full,Qwen3.6-35B-A3B-4bit,generate,long,64,TURBO_KV,0,1,8192,-,greedy,0.0,off,6.57,64.6,64,kv_backend=turboquant,
2026-05-24T21:16:42Z,full,Qwen3.6-35B-A3B-4bit,generate,long,64,TURBO_KV,0,1,512,-,greedy,0.0,off,6.55,64.4,64,kv_backend=turboquant,
2026-05-24T21:16:59Z,full,Qwen3.6-35B-A3B-4bit,generate,long,64,TURBO_KV,4,unset,8192,-,greedy,0.0,off,6.52,64.2,64,kv_backend=turboquant,
2026-05-24T21:17:15Z,full,Qwen3.6-35B-A3B-4bit,generate,long,64,TURBO_KV,4,unset,512,-,greedy,0.0,off,6.55,64.3,64,kv_backend=turboquant,
2026-05-24T21:17:32Z,full,Qwen3.6-35B-A3B-4bit,generate,long,64,TURBO_KV,4,1,8192,-,greedy,0.0,off,6.53,64.1,64,kv_backend=turboquant,
2026-05-24T21:17:48Z,full,Qwen3.6-35B-A3B-4bit,generate,long,64,TURBO_KV,4,1,512,-,greedy,0.0,off,6.54,64.5,64,kv_backend=turboquant,
2026-05-24T21:18:10Z,full,Qwen3.6-35B-A3B-4bit,generate,long,256,unset,-,-,-,-,greedy,0.0,off,6.51,68.8,256,kv_backend=standard,
2026-05-24T21:18:32Z,full,Qwen3.6-35B-A3B-4bit,generate,long,256,QUANTIZE_KV,-,-,-,-,greedy,0.0,off,6.51,66.4,256,kv_backend=quantized,
2026-05-24T21:19:00Z,full,Qwen3.6-35B-A3B-4bit,generate,long,256,TURBO_KV,0,unset,8192,-,greedy,0.0,off,6.54,64.3,256,kv_backend=turboquant,
2026-05-24T21:19:22Z,full,Qwen3.6-35B-A3B-4bit,generate,long,256,TURBO_KV,0,unset,512,-,greedy,0.0,off,6.53,64.8,256,kv_backend=turboquant,
2026-05-24T21:19:45Z,full,Qwen3.6-35B-A3B-4bit,generate,long,256,TURBO_KV,0,1,8192,-,greedy,0.0,off,6.54,64.5,256,kv_backend=turboquant,
2026-05-24T21:20:07Z,full,Qwen3.6-35B-A3B-4bit,generate,long,256,TURBO_KV,0,1,512,-,greedy,0.0,off,6.51,64.1,256,kv_backend=turboquant,
2026-05-24T21:20:30Z,full,Qwen3.6-35B-A3B-4bit,generate,long,256,TURBO_KV,4,unset,8192,-,greedy,0.0,off,6.52,64.0,256,kv_backend=turboquant,
2026-05-24T21:20:52Z,full,Qwen3.6-35B-A3B-4bit,generate,long,256,TURBO_KV,4,unset,512,-,greedy,0.0,off,6.70,64.1,256,kv_backend=turboquant,
2026-05-24T21:21:15Z,full,Qwen3.6-35B-A3B-4bit,generate,long,256,TURBO_KV,4,1,8192,-,greedy,0.0,off,6.56,64.0,256,kv_backend=turboquant,
2026-05-24T21:21:36Z,full,Qwen3.6-35B-A3B-4bit,generate,long,256,TURBO_KV,4,1,512,-,greedy,0.0,off,6.55,63.9,202,kv_backend=turboquant,
2026-05-24T21:21:47Z,full,Qwen3.6-27B-MTPLX-Optimized-Speed,bench_mtplx,short,64,session-default,-,-,-,1,speculative,0.7,off,0.815,20.32,64,0.864,
2026-05-24T21:21:59Z,full,Qwen3.6-27B-MTPLX-Optimized-Speed,bench_mtplx,short,64,session-default,-,-,-,4,speculative,0.7,off,0.820,17.29,64,0.633,
2026-05-24T21:22:12Z,full,Qwen3.6-27B-MTPLX-Optimized-Speed,bench_mtplx,short,64,session-default,-,-,-,8,greedy,0.0,off,0.833,11.96,64,0.417,
2026-05-24T21:22:29Z,full,Qwen3.6-27B-MTPLX-Optimized-Speed,bench_mtplx,short,64,session-default,-,-,-,8,speculative,0.7,off,0.843,10.22,64,0.330,
2026-05-24T21:23:00Z,full,Qwen3.6-27B-MTPLX-Optimized-Speed,bench_mtplx,short,256,session-default,-,-,-,1,greedy,0.0,off,0.824,17.56,256,0.753,
2026-05-24T21:23:32Z,full,Qwen3.6-27B-MTPLX-Optimized-Speed,bench_mtplx,short,256,session-default,-,-,-,1,speculative,0.7,off,0.821,17.59,256,0.844,
2026-05-24T21:24:08Z,full,Qwen3.6-27B-MTPLX-Optimized-Speed,bench_mtplx,short,256,session-default,-,-,-,4,greedy,0.0,off,0.824,15.32,256,0.599,
2026-05-24T21:24:43Z,full,Qwen3.6-27B-MTPLX-Optimized-Speed,bench_mtplx,short,256,session-default,-,-,-,4,speculative,0.7,off,0.817,13.40,153,0.500,
2026-05-24T21:25:45Z,full,Qwen3.6-27B-MTPLX-Optimized-Speed,bench_mtplx,short,256,session-default,-,-,-,8,greedy,0.0,off,0.828,8.52,256,0.309,
2026-05-24T21:26:52Z,full,Qwen3.6-27B-MTPLX-Optimized-Speed,bench_mtplx,short,256,session-default,-,-,-,8,speculative,0.7,off,0.831,7.85,256,0.266,
2026-05-24T21:27:52Z,full,Qwen3.6-27B-MTPLX-Optimized-Speed,bench_mtplx,long,64,session-default,-,-,-,1,greedy,0.0,off,23.886,11.67,64,0.000,
2026-05-24T21:28:51Z,full,Qwen3.6-27B-MTPLX-Optimized-Speed,bench_mtplx,long,64,session-default,-,-,-,1,speculative,0.7,off,23.171,12.05,64,0.000,
2026-05-24T21:29:57Z,full,Qwen3.6-27B-MTPLX-Optimized-Speed,bench_mtplx,long,64,session-default,-,-,-,4,greedy,0.0,off,22.722,6.94,64,0.000,
2026-05-24T21:31:02Z,full,Qwen3.6-27B-MTPLX-Optimized-Speed,bench_mtplx,long,64,session-default,-,-,-,4,speculative,0.7,off,22.467,6.98,64,0.000,
2026-05-24T21:32:20Z,full,Qwen3.6-27B-MTPLX-Optimized-Speed,bench_mtplx,long,64,session-default,-,-,-,8,greedy,0.0,off,22.457,4.01,64,0.000,
2026-05-24T21:33:38Z,full,Qwen3.6-27B-MTPLX-Optimized-Speed,bench_mtplx,long,64,session-default,-,-,-,8,speculative,0.7,off,22.520,4.00,64,0.000,
2026-05-24T21:35:09Z,full,Qwen3.6-27B-MTPLX-Optimized-Speed,bench_mtplx,long,256,session-default,-,-,-,1,greedy,0.0,off,22.807,11.40,256,0.000,
2026-05-24T21:36:44Z,full,Qwen3.6-27B-MTPLX-Optimized-Speed,bench_mtplx,long,256,session-default,-,-,-,1,speculative,0.7,off,23.561,10.85,256,0.000,
2026-05-24T21:38:56Z,full,Qwen3.6-27B-MTPLX-Optimized-Speed,bench_mtplx,long,256,session-default,-,-,-,4,greedy,0.0,off,24.625,6.13,256,0.000,
2026-05-24T21:41:14Z,full,Qwen3.6-27B-MTPLX-Optimized-Speed,bench_mtplx,long,256,session-default,-,-,-,4,speculative,0.7,off,25.355,5.99,256,0.000,
2026-05-24T21:44:16Z,full,Qwen3.6-27B-MTPLX-Optimized-Speed,bench_mtplx,long,256,session-default,-,-,-,8,greedy,0.0,off,24.208,3.96,256,0.018,
2026-05-24T21:47:10Z,full,Qwen3.6-27B-MTPLX-Optimized-Speed,bench_mtplx,long,256,session-default,-,-,-,8,speculative,0.7,off,23.355,4.09,256,0.018,
2026-05-24T21:47:19Z,full,Qwen3.6-35B-A3B-4bit,bench_dflash,short,64,unset,-,-,-,draft,rejection,0.0,on,1.076,69.58,64,0.324,avg_block_len=3.89;adaptive=1/25/1;speedup=0.60x
2026-05-24T21:47:29Z,full,Qwen3.6-35B-A3B-4bit,bench_dflash,short,64,unset,-,-,-,draft,rejection,0.7,off,1.117,70.39,64,0.288,avg_block_len=4.21;adaptive=2/25/1;speedup=0.55x
2026-05-24T21:47:37Z,full,Qwen3.6-35B-A3B-4bit,bench_dflash,short,64,unset,-,-,-,draft,rejection,0.7,on,1.074,69.97,64,0.288,avg_block_len=4.21;adaptive=2/25/1;speedup=0.57x
2026-05-24T21:48:00Z,full,Qwen3.6-35B-A3B-4bit,bench_dflash,short,256,unset,-,-,-,draft,rejection,0.0,off,1.084,69.68,256,0.372,avg_block_len=3.82;adaptive=3/96/6;speedup=0.66x
2026-05-24T21:48:22Z,full,Qwen3.6-35B-A3B-4bit,bench_dflash,short,256,unset,-,-,-,draft,rejection,0.0,on,1.090,69.94,256,0.372,avg_block_len=3.82;adaptive=3/96/6;speedup=0.66x
2026-05-24T21:48:44Z,full,Qwen3.6-35B-A3B-4bit,bench_dflash,short,256,unset,-,-,-,draft,rejection,0.7,off,1.071,69.44,256,0.444,avg_block_len=3.90;adaptive=2/86/5;speedup=0.74x
2026-05-24T21:49:07Z,full,Qwen3.6-35B-A3B-4bit,bench_dflash,short,256,unset,-,-,-,draft,rejection,0.7,on,1.074,70.20,256,0.330,avg_block_len=3.72;adaptive=1/107/6;speedup=0.62x
2026-05-24T21:49:33Z,full,Qwen3.6-35B-A3B-4bit,bench_dflash,long,64,unset,-,-,-,draft,rejection,0.0,off,7.098,67.16,64,1.000,avg_block_len=14.50;adaptive=4/0/0;speedup=1.68x
2026-05-24T21:49:58Z,full,Qwen3.6-35B-A3B-4bit,bench_dflash,long,64,unset,-,-,-,draft,rejection,0.0,on,7.222,66.85,64,1.000,avg_block_len=14.50;adaptive=4/0/0;speedup=1.66x
2026-05-24T21:50:25Z,full,Qwen3.6-35B-A3B-4bit,bench_dflash,long,64,unset,-,-,-,draft,rejection,0.7,off,7.246,66.15,64,1.000,avg_block_len=14.50;adaptive=4/0/0;speedup=1.69x
2026-05-24T21:50:51Z,full,Qwen3.6-35B-A3B-4bit,bench_dflash,long,64,unset,-,-,-,draft,rejection,0.7,on,7.240,66.53,64,1.000,avg_block_len=14.50;adaptive=4/0/0;speedup=1.68x
2026-05-24T21:51:26Z,full,Qwen3.6-35B-A3B-4bit,bench_dflash,long,256,unset,-,-,-,draft,rejection,0.0,off,7.296,67.56,256,1.000,avg_block_len=14.88;adaptive=16/0/0;speedup=1.96x
2026-05-24T21:52:01Z,full,Qwen3.6-35B-A3B-4bit,bench_dflash,long,256,unset,-,-,-,draft,rejection,0.0,on,7.173,66.25,256,1.000,avg_block_len=14.88;adaptive=16/0/0;speedup=1.94x
2026-05-24T21:52:36Z,full,Qwen3.6-35B-A3B-4bit,bench_dflash,long,256,unset,-,-,-,draft,rejection,0.7,off,7.290,67.19,256,1.000,avg_block_len=14.88;adaptive=16/0/0;speedup=1.92x
2026-05-24T21:53:11Z,full,Qwen3.6-35B-A3B-4bit,bench_dflash,long,256,unset,-,-,-,draft,rejection,0.7,on,7.190,67.09,256,1.000,avg_block_len=14.88;adaptive=16/0/0;speedup=1.92x
2026-05-24T21:54:15Z,full,gemma-4-26B-A4B-it,bench_dflash,short,64,unset,-,-,-,draft,rejection,0.0,on,0.883,3.44,63,0.089,avg_block_len=1.38
2026-05-24T21:55:17Z,full,gemma-4-26B-A4B-it,bench_dflash,short,64,unset,-,-,-,draft,rejection,0.7,off,0.787,2.85,64,0.112,avg_block_len=4.02
2026-05-24T21:56:23Z,full,gemma-4-26B-A4B-it,bench_dflash,short,64,TURBO_KV,-,-,-,draft,rejection,0.7,off,0.744,2.97,64,0.112,avg_block_len=4.02;adaptive=2/38/2;kv_backend=turboquant
2026-05-24T21:57:09Z,full,gemma-4-26B-A4B-it,bench_dflash,short,64,unset,-,-,-,draft,rejection,0.7,on,0.869,2.50,63,0.035,avg_block_len=0.55
2026-05-24T22:00:16Z,full,gemma-4-26B-A4B-it,bench_dflash,short,256,unset,-,-,-,draft,rejection,0.0,off,0.710,3.02,256,0.115,avg_block_len=4.26
2026-05-24T22:03:51Z,full,gemma-4-26B-A4B-it,bench_dflash,short,256,TURBO_KV,-,-,-,draft,rejection,0.0,off,0.746,2.67,256,0.115,avg_block_len=4.26;adaptive=9/152/9;kv_backend=turboquant
2026-05-24T22:06:29Z,full,gemma-4-26B-A4B-it,bench_dflash,short,256,unset,-,-,-,draft,rejection,0.0,on,0.890,3.78,255,0.115,avg_block_len=1.82
2026-05-24T22:08:21Z,full,gemma-4-26B-A4B-it,bench_dflash,short,256,unset,-,-,-,draft,rejection,0.7,off,0.732,0.00,0,0.000,avg_block_len=0.00
2026-05-24T22:11:40Z,full,gemma-4-26B-A4B-it,bench_dflash,short,256,TURBO_KV,-,-,-,draft,rejection,0.7,off,0.738,2.89,256,0.115,avg_block_len=4.26;adaptive=9/152/9;kv_backend=turboquant
2026-05-24T22:13:44Z,full,gemma-4-26B-A4B-it,bench_dflash,short,256,unset,-,-,-,draft,rejection,0.7,on,0.882,3.58,256,0.299,avg_block_len=4.43
2026-05-24T22:15:29Z,full,gemma-4-26B-A4B-it,bench_dflash,long,64,unset,-,-,-,draft,rejection,0.0,off,20.366,2.28,64,0.042,avg_block_len=4.10
2026-05-24T22:17:11Z,full,gemma-4-26B-A4B-it,bench_dflash,long,64,TURBO_KV,-,-,-,draft,rejection,0.0,off,21.226,3.35,64,0.178,avg_block_len=4.76;adaptive=4/28/1;kv_backend=turboquant
2026-05-24T22:19:15Z,full,gemma-4-26B-A4B-it,bench_dflash,long,64,unset,-,-,-,draft,rejection,0.0,on,20.827,2.00,63,0.028,avg_block_len=0.44
2026-05-24T22:21:04Z,full,gemma-4-26B-A4B-it,bench_dflash,long,64,unset,-,-,-,draft,rejection,0.7,off,20.784,2.19,64,0.042,avg_block_len=4.10
2026-05-24T22:22:43Z,full,gemma-4-26B-A4B-it,bench_dflash,long,64,TURBO_KV,-,-,-,draft,rejection,0.7,off,20.434,3.38,64,0.184,avg_block_len=4.32;adaptive=3/30/1;kv_backend=turboquant
2026-05-24T22:24:31Z,full,gemma-4-26B-A4B-it,bench_dflash,long,64,unset,-,-,-,draft,rejection,0.7,on,20.255,2.79,63,0.069,avg_block_len=1.07
2026-05-24T22:29:25Z,full,gemma-4-26B-A4B-it,bench_dflash,long,256,unset,-,-,-,draft,rejection,0.0,off,21.696,2.07,256,0.030,avg_block_len=4.25
2026-05-24T22:34:29Z,full,gemma-4-26B-A4B-it,bench_dflash,long,256,TURBO_KV,-,-,-,draft,rejection,0.0,off,22.173,2.21,256,0.054,avg_block_len=4.19;adaptive=10/185/11;kv_backend=turboquant
2026-05-24T22:40:47Z,full,gemma-4-26B-A4B-it,bench_dflash,long,256,unset,-,-,-,draft,rejection,0.0,on,23.594,1.52,255,0.014,avg_block_len=0.22
2026-05-24T22:45:43Z,full,gemma-4-26B-A4B-it,bench_dflash,long,256,unset,-,-,-,draft,rejection,0.7,off,19.710,2.22,256,0.061,avg_block_len=4.14
2026-05-24T22:50:46Z,full,gemma-4-26B-A4B-it,bench_dflash,long,256,TURBO_KV,-,-,-,draft,rejection,0.7,off,23.907,2.22,256,0.058,avg_block_len=4.26;adaptive=12/180/11;kv_backend=turboquant
2026-05-24T22:56:15Z,full,gemma-4-26B-A4B-it,bench_dflash,long,256,unset,-,-,-,draft,rejection,0.7,on,20.273,1.92,255,0.022,avg_block_len=0.36
2026-05-29T15:02:27Z,quick,Qwen3.6-27B-4bit,generate,short,64,PAGED,-,-,-,-,greedy,0.0,off,0.89,19.1,64,kv_backend=paged,
2026-05-29T15:02:48Z,quick,Qwen3.6-27B-UD-MLX-4bit,generate,short,64,unset,-,-,-,-,greedy,0.0,off,1.48,9.0,64,kv_backend=standard,
2026-05-29T15:03:07Z,quick,Qwen3.6-27B-UD-MLX-4bit,generate,short,64,QUANTIZE_KV,-,-,-,-,greedy,0.0,off,1.45,9.0,64,kv_backend=quantized,
2026-05-29T15:03:26Z,quick,Qwen3.6-27B-UD-MLX-4bit,generate,short,64,PAGED,-,-,-,-,greedy,0.0,off,1.45,9.0,64,kv_backend=paged,
2026-05-29T15:03:45Z,quick,Qwen3.6-27B-UD-MLX-4bit,generate,short,64,TURBO_KV,0,unset,8192,-,greedy,0.0,off,1.46,8.9,64,kv_backend=turboquant,
2026-05-29T15:04:03Z,quick,Qwen3.6-27B-UD-MLX-4bit,generate,short,64,TURBO_KV,4,unset,8192,-,greedy,0.0,off,1.46,8.9,64,kv_backend=turboquant,
2026-05-29T15:20:29Z,quick,gemma-4-e4b-it-4bit,ar_bench,short,64,unset,-,-,-,-,greedy,0.0,off,0.19,48.61,kv_backend=standard,,
2026-05-29T15:20:36Z,quick,gemma-4-e4b-it-4bit,ar_bench,short,64,PAGED,-,-,-,-,greedy,0.0,off,0.19,45.22,kv_backend=paged,,
2026-05-29T16:37:15Z,full,Qwen3.6-27B-4bit,generate,short,256,PAGED,-,-,-,-,greedy,0.0,off,0.89,19.1,256,kv_backend=paged,
2026-05-29T16:38:06Z,full,Qwen3.6-27B-4bit,generate,long,64,PAGED,-,-,-,-,greedy,0.0,off,21.54,18.7,64,kv_backend=paged,
2026-05-29T16:39:18Z,full,Qwen3.6-27B-4bit,generate,long,256,PAGED,-,-,-,-,greedy,0.0,off,21.60,18.8,256,kv_backend=paged,
2026-05-29T16:39:38Z,full,Qwen3.6-27B-UD-MLX-4bit,generate,short,64,TURBO_KV,0,1,8192,-,greedy,0.0,off,1.46,9.0,64,kv_backend=turboquant,
2026-05-29T16:39:57Z,full,Qwen3.6-27B-UD-MLX-4bit,generate,short,64,TURBO_KV,4,1,8192,-,greedy,0.0,off,1.47,8.9,64,kv_backend=turboquant,
2026-05-29T16:40:55Z,full,Qwen3.6-27B-UD-MLX-4bit,generate,short,256,unset,-,-,-,-,greedy,0.0,off,1.45,8.9,226,kv_backend=standard,
2026-05-29T16:41:46Z,full,Qwen3.6-27B-UD-MLX-4bit,generate,short,256,QUANTIZE_KV,-,-,-,-,greedy,0.0,off,1.44,8.9,163,kv_backend=quantized,
2026-05-29T16:42:48Z,full,Qwen3.6-27B-UD-MLX-4bit,generate,short,256,PAGED,-,-,-,-,greedy,0.0,off,1.47,9.0,256,kv_backend=paged,
2026-05-29T16:43:50Z,full,Qwen3.6-27B-UD-MLX-4bit,generate,short,256,TURBO_KV,0,unset,8192,-,greedy,0.0,off,1.46,8.9,256,kv_backend=turboquant,
2026-05-29T16:44:53Z,full,Qwen3.6-27B-UD-MLX-4bit,generate,short,256,TURBO_KV,0,1,8192,-,greedy,0.0,off,1.46,8.8,256,kv_backend=turboquant,
2026-05-29T16:45:56Z,full,Qwen3.6-27B-UD-MLX-4bit,generate,short,256,TURBO_KV,4,unset,8192,-,greedy,0.0,off,1.46,8.7,256,kv_backend=turboquant,
2026-05-29T16:47:00Z,full,Qwen3.6-27B-UD-MLX-4bit,generate,short,256,TURBO_KV,4,1,8192,-,greedy,0.0,off,1.47,8.6,256,kv_backend=turboquant,
2026-05-29T16:48:08Z,full,Qwen3.6-27B-UD-MLX-4bit,generate,long,64,unset,-,-,-,-,greedy,0.0,off,27.25,8.3,64,kv_backend=standard,
2026-05-29T16:49:15Z,full,Qwen3.6-27B-UD-MLX-4bit,generate,long,64,QUANTIZE_KV,-,-,-,-,greedy,0.0,off,24.82,8.6,64,kv_backend=quantized,
2026-05-29T16:50:21Z,full,Qwen3.6-27B-UD-MLX-4bit,generate,long,64,PAGED,-,-,-,-,greedy,0.0,off,24.32,8.8,64,kv_backend=paged,
2026-05-29T16:51:26Z,full,Qwen3.6-27B-UD-MLX-4bit,generate,long,64,TURBO_KV,0,unset,8192,-,greedy,0.0,off,24.51,8.6,64,kv_backend=turboquant,
2026-05-29T16:52:32Z,full,Qwen3.6-27B-UD-MLX-4bit,generate,long,64,TURBO_KV,0,unset,512,-,greedy,0.0,off,25.11,8.6,64,kv_backend=turboquant,
2026-05-29T16:53:39Z,full,Qwen3.6-27B-UD-MLX-4bit,generate,long,64,TURBO_KV,0,1,8192,-,greedy,0.0,off,25.20,8.5,64,kv_backend=turboquant,
2026-05-29T16:54:47Z,full,Qwen3.6-27B-UD-MLX-4bit,generate,long,64,TURBO_KV,0,1,512,-,greedy,0.0,off,25.71,8.5,64,kv_backend=turboquant,
2026-05-29T16:55:55Z,full,Qwen3.6-27B-UD-MLX-4bit,generate,long,64,TURBO_KV,4,unset,8192,-,greedy,0.0,off,25.52,8.5,64,kv_backend=turboquant,
2026-05-29T16:57:03Z,full,Qwen3.6-27B-UD-MLX-4bit,generate,long,64,TURBO_KV,4,unset,512,-,greedy,0.0,off,25.73,8.5,64,kv_backend=turboquant,
2026-05-29T16:58:11Z,full,Qwen3.6-27B-UD-MLX-4bit,generate,long,64,TURBO_KV,4,1,8192,-,greedy,0.0,off,25.51,8.4,64,kv_backend=turboquant,
2026-05-29T16:59:18Z,full,Qwen3.6-27B-UD-MLX-4bit,generate,long,64,TURBO_KV,4,1,512,-,greedy,0.0,off,24.66,8.8,64,kv_backend=turboquant,
2026-05-29T17:01:06Z,full,Qwen3.6-27B-UD-MLX-4bit,generate,long,256,unset,-,-,-,-,greedy,0.0,off,24.08,8.8,256,kv_backend=standard,
2026-05-29T17:02:55Z,full,Qwen3.6-27B-UD-MLX-4bit,generate,long,256,QUANTIZE_KV,-,-,-,-,greedy,0.0,off,24.08,8.7,256,kv_backend=quantized,
2026-05-29T17:04:45Z,full,Qwen3.6-27B-UD-MLX-4bit,generate,long,256,PAGED,-,-,-,-,greedy,0.0,off,25.00,8.5,256,kv_backend=paged,
2026-05-29T17:06:37Z,full,Qwen3.6-27B-UD-MLX-4bit,generate,long,256,TURBO_KV,0,unset,8192,-,greedy,0.0,off,25.00,8.4,256,kv_backend=turboquant,
2026-05-29T17:08:30Z,full,Qwen3.6-27B-UD-MLX-4bit,generate,long,256,TURBO_KV,0,unset,512,-,greedy,0.0,off,24.83,8.4,256,kv_backend=turboquant,
2026-05-29T17:10:22Z,full,Qwen3.6-27B-UD-MLX-4bit,generate,long,256,TURBO_KV,0,1,8192,-,greedy,0.0,off,25.00,8.4,256,kv_backend=turboquant,
2026-05-29T17:12:14Z,full,Qwen3.6-27B-UD-MLX-4bit,generate,long,256,TURBO_KV,0,1,512,-,greedy,0.0,off,24.89,8.4,256,kv_backend=turboquant,
2026-05-29T17:14:07Z,full,Qwen3.6-27B-UD-MLX-4bit,generate,long,256,TURBO_KV,4,unset,8192,-,greedy,0.0,off,24.79,8.4,256,kv_backend=turboquant,
2026-05-29T17:16:00Z,full,Qwen3.6-27B-UD-MLX-4bit,generate,long,256,TURBO_KV,4,unset,512,-,greedy,0.0,off,25.05,8.3,256,kv_backend=turboquant,
2026-05-29T17:17:53Z,full,Qwen3.6-27B-UD-MLX-4bit,generate,long,256,TURBO_KV,4,1,8192,-,greedy,0.0,off,24.86,8.4,256,kv_backend=turboquant,
2026-05-29T17:19:45Z,full,Qwen3.6-27B-UD-MLX-4bit,generate,long,256,TURBO_KV,4,1,512,-,greedy,0.0,off,24.77,8.4,256,kv_backend=turboquant,
2026-05-29T17:19:52Z,full,Qwen3.6-35B-A3B-4bit,generate,short,64,PAGED,-,-,-,-,greedy,0.0,off,1.11,71.1,64,kv_backend=paged,
2026-05-29T17:20:03Z,full,Qwen3.6-35B-A3B-4bit,generate,short,256,PAGED,-,-,-,-,greedy,0.0,off,1.10,70.6,256,kv_backend=paged,
2026-05-29T17:20:20Z,full,Qwen3.6-35B-A3B-4bit,generate,long,64,PAGED,-,-,-,-,greedy,0.0,off,6.62,68.7,64,kv_backend=paged,
2026-05-29T17:20:42Z,full,Qwen3.6-35B-A3B-4bit,generate,long,256,PAGED,-,-,-,-,greedy,0.0,off,6.60,68.7,256,kv_backend=paged,
2026-05-29T17:20:55Z,full,gemma-4-e4b-it-4bit,ar_bench,short,256,unset,-,-,-,-,greedy,0.0,off,0.20,47.04,kv_backend=standard,,
2026-05-29T17:21:19Z,full,gemma-4-e4b-it-4bit,ar_bench,short,256,PAGED,-,-,-,-,greedy,0.0,off,0.20,39.74,kv_backend=paged,,
2026-05-29T17:21:30Z,full,gemma-4-e4b-it-4bit,ar_bench,long,64,unset,-,-,-,-,greedy,0.0,off,2.85,44.57,kv_backend=standard,,
2026-05-29T17:21:42Z,full,gemma-4-e4b-it-4bit,ar_bench,long,64,PAGED,-,-,-,-,greedy,0.0,off,2.82,37.78,kv_backend=paged,,
2026-05-29T17:22:01Z,full,gemma-4-e4b-it-4bit,ar_bench,long,256,unset,-,-,-,-,greedy,0.0,off,2.84,45.13,kv_backend=standard,,
2026-05-29T17:22:28Z,full,gemma-4-e4b-it-4bit,ar_bench,long,256,PAGED,-,-,-,-,greedy,0.0,off,2.82,37.49,kv_backend=paged,,
